{
	"name": "ResetMasterExecutionPlans",
	"properties": {
		"activities": [
			{
				"name": "uspResetPipeLineExecutionList",
				"type": "SqlServerStoredProcedure",
				"dependsOn": [],
				"policy": {
					"timeout": "7.00:00:00",
					"retry": 0,
					"retryIntervalInSeconds": 30,
					"secureOutput": false,
					"secureInput": false
				},
				"userProperties": [],
				"typeProperties": {
					"storedProcedureName": "uspResetPipeLineExecutionList",
					"storedProcedureParameters": {
						"PipeLineExecutionGroupName": {
							"value": "masterDatabricks",
							"type": "String"
						}
					}
				},
				"linkedServiceName": {
					"referenceName": "AzureSqlDatabase",
					"type": "LinkedServiceReference"
				}
			},
			{
				"name": "uspResetNotebookExecutionList",
				"type": "SqlServerStoredProcedure",
				"dependsOn": [],
				"policy": {
					"timeout": "7.00:00:00",
					"retry": 0,
					"retryIntervalInSeconds": 30,
					"secureOutput": false,
					"secureInput": false
				},
				"userProperties": [],
				"typeProperties": {
					"storedProcedureName": "uspResetNotebookExecutionList",
					"storedProcedureParameters": {
						"ContainerName": {
							"value": {
								"value": "@pipeline().parameters.ContainerName",
								"type": "Expression"
							},
							"type": "String"
						}
					}
				},
				"linkedServiceName": {
					"referenceName": "AzureSqlDatabase",
					"type": "LinkedServiceReference"
				}
			}
		],
		"parameters": {
			"ContainerName": {
				"type": "string",
				"defaultValue": "Client000000001"
			}
		},
		"folder": {
			"name": "Framework"
		},
		"annotations": []
	},
	"type": "Microsoft.DataFactory/factories/pipelines"
}