{
	"name": "AzureDatabricksData001",
	"type": "Microsoft.DataFactory/factories/linkedservices",
	"properties": {
		"annotations": [],
		"type": "AzureDatabricks",
		"typeProperties": {
			"domain": "https://northcentralus.azuredatabricks.net",
			"accessToken": {
				"type": "AzureKeyVaultSecret",
				"store": {
					"referenceName": "AzureKeyVault",
					"type": "LinkedServiceReference"
				},
				"secretName": "DatabricksData001AdminToken"
			},
			"existingClusterId": "0628-214644-halon644"
		}
	}
}