Nick Name,Name,Definition,Status,Related Terms,Synonyms,Acronym,Experts,Stewards,Resources,Parent Term Name
AC,CaseWare Working Papers_dbf_AC,CaseWare Working Papers dbf containing Tickmarks/Security data,Approved,,,,Barb.Erickson@rsmus.com;,Barb.Erickson@rsmus.com;,,CaseWare Working Papers_dbf
SH,CaseWare Working Papers_dbf_SH,CaseWare Working Papers dbf containing Document Manager data,Approved,,,,Barb.Erickson@rsmus.com;,Barb.Erickson@rsmus.com;,,CaseWare Working Papers_dbf
CV,CaseWare Working Papers_dbf_CV,CaseWare Working Papers dbf containing CaseView forms data,Approved,,,,Barb.Erickson@rsmus.com;,Barb.Erickson@rsmus.com;,,CaseWare Working Papers_dbf
CaseWare Working Papers,CaseWare Working Papers,"CaseWare Working Papers is flexible project management software that integrates everything you need to conduct assurance and reporting engagements. It provides a one-stop location for your data � which allows for real time collaboration, direct scanning, online review, efficient clean-up, sophisticated lock-down and advanced roll-forward.",Approved,CaseWare Working Papers_dbf;,,,Barb.Erickson@rsmus.com;,Barb.Erickson@rsmus.com;,,
MAPS,MAPS,SQL Database containing Client information ,Approved,,,,Barb.Erickson@rsmus.com;,Barb.Erickson@rsmus.com;,,
BL,CaseWare Working Papers_dbf_BL,CaseWare Working Papers dbf containing Balances data,Approved,,,,Barb.Erickson@rsmus.com;,Barb.Erickson@rsmus.com;,,CaseWare Working Papers_dbf
AM,CaseWare Working Papers_dbf_AM,CaseWare Working Papers dbf containing Trial Balance / Financial data,Approved,,,,Barb.Erickson@rsmus.com;,Barb.Erickson@rsmus.com;,,CaseWare Working Papers_dbf
TP,CaseWare Working Papers_dbf_TP,CaseWare Working Papers dbf containing Tax Code data,Approved,,,,Barb.Erickson@rsmus.com;,Barb.Erickson@rsmus.com;,,CaseWare Working Papers_dbf
GL,CaseWare Working Papers_dbf_GL,CaseWare Working Papers dbf containing Adjusting Journal Entries data,Approved,,,,Barb.Erickson@rsmus.com;,Barb.Erickson@rsmus.com;,,CaseWare Working Papers_dbf
FP,CaseWare Working Papers_dbf_FP,CaseWare Working Papers dbf containing Engagement Properties data,Approved,,,,Barb.Erickson@rsmus.com;,Barb.Erickson@rsmus.com;,,CaseWare Working Papers_dbf
MP,CaseWare Working Papers_dbf_MP,CaseWare Working Papers dbf containing Account Mapping data,Approved,,,,Barb.Erickson@rsmus.com;,Barb.Erickson@rsmus.com;,,CaseWare Working Papers_dbf
HI,CaseWare Working Papers_dbf_HI,CaseWare Working Papers dbf containing History data,Approved,,,,Barb.Erickson@rsmus.com;,Barb.Erickson@rsmus.com;,,CaseWare Working Papers_dbf
dbf,CaseWare Working Papers_dbf,CaseWare Working Papers dBase files.  There are 22 in each compressed .ac_ working paper file.,Approved,CaseWare Working Papers;,,,Barb.Erickson@rsmus.com;,Barb.Erickson@rsmus.com;,,CaseWare Working Papers
AN,CaseWare Working Papers_dbf_AN,CaseWare Working Papers dbf containing Annotation data,Approved,,,,Barb.Erickson@rsmus.com;,Barb.Erickson@rsmus.com;,,CaseWare Working Papers_dbf
