{
    "$schema": "http://schema.management.azure.com/schemas/2015-01-01/deploymentTemplate.json#",
    "contentVersion": "1.0.0.0",
    "parameters": {
        "factoryName": {
            "type": "string",
            "metadata": "Data Factory name",
            "defaultValue": "rsmedpovdfhggd"
        },
        "AzureBlobStorage1_connectionString": {
            "type": "secureString",
            "metadata": "Secure string for 'connectionString' of 'AzureBlobStorage1'"
        },
        "AzureSynapseAnalytics1_connectionString": {
            "type": "secureString",
            "metadata": "Secure string for 'connectionString' of 'AzureSynapseAnalytics1'"
        },
        "AzureSqlDatabase_connectionString": {
            "type": "secureString",
            "metadata": "Secure string for 'connectionString' of 'AzureSqlDatabase'"
        },
        "AzureSQLTSA_connectionString": {
            "type": "secureString",
            "metadata": "Secure string for 'connectionString' of 'AzureSQLTSA'"
        },
        "VDILocal_password": {
            "type": "secureString",
            "metadata": "Secure string for 'password' of 'VDILocal'"
        },
        "AzureSQLMAPS_connectionString": {
            "type": "secureString",
            "metadata": "Secure string for 'connectionString' of 'AzureSQLMAPS'"
        },
        "AzureKeyVault_properties_typeProperties_baseUrl": {
            "type": "string",
            "defaultValue": "https://rsmedpovkvhggd.vault.azure.net/"
        },
        "AzureDataLakeStorageGen2_properties_typeProperties_url": {
            "type": "string",
            "defaultValue": "https://rsmedpovdlhggd.dfs.core.windows.net"
        },
        "VDILocal_properties_typeProperties_host": {
            "type": "string",
            "defaultValue": "c:\\"
        },
        "VDILocal_properties_typeProperties_userId": {
            "type": "string",
            "defaultValue": "E080151@mcgladrey.rsm.net"
        },
        "AzureDataLakeStoreLanding_Binary_properties_typeProperties_fileName": {
            "type": "string",
            "defaultValue": ""
        },
        "AzureDataLakeStoreLanding_Binary_properties_typeProperties_folderPath": {
            "type": "string",
            "defaultValue": "@concat(pipeline().parameters.ContainerName,activity('uspGetCopyActivitySinkFileToADLS').output.firstRow.CopyActivityDataADLSFolderPath)"
        },
        "AzureDataLakeStoreFile_Txt_properties_typeProperties_fileName": {
            "type": "string",
            "defaultValue": "@dataset().FileName"
        },
        "AzureDataLakeStoreFile_Txt_properties_typeProperties_folderPath": {
            "type": "string",
            "defaultValue": "@dataset().FilePath"
        },
        "AzureDataLakeStore_Archive_properties_typeProperties_folderPath": {
            "type": "string",
            "defaultValue": "@concat(pipeline().parameters.ContainerName,'/Raw/Archive')"
        },
        "AzureDataLakeStoreFile_properties_typeProperties_fileName": {
            "type": "string",
            "defaultValue": "@activity('uspGetCopyActivitySinkSQLToADLS').output.firstRow.CopyActivityDataADLSFileName"
        },
        "AzureDataLakeStoreFile_properties_typeProperties_folderPath": {
            "type": "string",
            "defaultValue": "@activity('uspGetCopyActivitySinkSQLToADLS').output.firstRow.CopyActivityDataADLSFolderPath"
        }
    },
    "variables": {
        "factoryId": "[concat('Microsoft.DataFactory/factories/', parameters('factoryName'))]"
    },
    "resources": [
        {
            "name": "[concat(parameters('factoryName'), '/SelfHostedIntegrationRuntime')]",
            "type": "Microsoft.DataFactory/factories/integrationRuntimes",
            "apiVersion": "2018-06-01",
            "properties": {
                "type": "SelfHosted",
                "typeProperties": {}
            },
            "dependsOn": []
        },
        {
            "name": "[concat(parameters('factoryName'), '/SelfHostedIntegrationRuntimeVDI')]",
            "type": "Microsoft.DataFactory/factories/integrationRuntimes",
            "apiVersion": "2018-06-01",
            "properties": {
                "type": "SelfHosted",
                "typeProperties": {}
            },
            "dependsOn": []
        },
        {
            "name": "[concat(parameters('factoryName'), '/AzureKeyVault')]",
            "type": "Microsoft.DataFactory/factories/linkedServices",
            "apiVersion": "2018-06-01",
            "properties": {
                "annotations": [],
                "type": "AzureKeyVault",
                "typeProperties": {
                    "baseUrl": "[parameters('AzureKeyVault_properties_typeProperties_baseUrl')]"
                }
            },
            "dependsOn": []
        },
        {
            "name": "[concat(parameters('factoryName'), '/AzureDataLakeStorageGen2')]",
            "type": "Microsoft.DataFactory/factories/linkedServices",
            "apiVersion": "2018-06-01",
            "properties": {
                "annotations": [],
                "type": "AzureBlobFS",
                "typeProperties": {
                    "url": "[parameters('AzureDataLakeStorageGen2_properties_typeProperties_url')]"
                }
            },
            "dependsOn": []
        },
        {
            "name": "[concat(parameters('factoryName'), '/AzureBlobStorage1')]",
            "type": "Microsoft.DataFactory/factories/linkedServices",
            "apiVersion": "2018-06-01",
            "properties": {
                "annotations": [],
                "type": "AzureBlobStorage",
                "typeProperties": {
                    "connectionString": "[parameters('AzureBlobStorage1_connectionString')]"
                }
            },
            "dependsOn": []
        },
        {
            "name": "[concat(parameters('factoryName'), '/AzureSynapseAnalytics1')]",
            "type": "Microsoft.DataFactory/factories/linkedServices",
            "apiVersion": "2018-06-01",
            "properties": {
                "annotations": [],
                "type": "AzureSqlDW",
                "typeProperties": {
                    "connectionString": "[parameters('AzureSynapseAnalytics1_connectionString')]"
                }
            },
            "dependsOn": []
        },
        {
            "name": "[concat(parameters('factoryName'), '/ProcessAzureAS MSI')]",
            "type": "Microsoft.DataFactory/factories/pipelines",
            "apiVersion": "2018-06-01",
            "properties": {
                "activities": [
                    {
                        "name": "UntilRefreshComplete",
                        "type": "Until",
                        "dependsOn": [
                            {
                                "activity": "FilterToCurrentRefresh",
                                "dependencyConditions": [
                                    "Succeeded"
                                ]
                            }
                        ],
                        "userProperties": [],
                        "typeProperties": {
                            "expression": {
                                "value": "@not(equals(activity('GetAzureASRefreshStatus').output.status,'inProgress'))",
                                "type": "Expression"
                            },
                            "activities": [
                                {
                                    "name": "GetAzureASRefreshStatus",
                                    "type": "WebActivity",
                                    "dependsOn": [
                                        {
                                            "activity": "Wait30Seconds",
                                            "dependencyConditions": [
                                                "Succeeded"
                                            ]
                                        }
                                    ],
                                    "policy": {
                                        "timeout": "7.00:00:00",
                                        "retry": 0,
                                        "retryIntervalInSeconds": 30,
                                        "secureOutput": false
                                    },
                                    "userProperties": [],
                                    "typeProperties": {
                                        "url": {
                                            "value": "@concat('https://',pipeline().parameters.Region,'.asazure.windows.net/servers/',pipeline().parameters.Server,'/models/',pipeline().parameters.DatabaseName,'/refreshes/',activity('FilterToCurrentRefresh').output.Value[0].refreshId)",
                                            "type": "Expression"
                                        },
                                        "method": "GET",
                                        "headers": {},
                                        "authentication": {
                                            "type": "MSI",
                                            "resource": "https://*.asazure.windows.net"
                                        }
                                    }
                                },
                                {
                                    "name": "Wait30Seconds",
                                    "type": "Wait",
                                    "dependsOn": [],
                                    "userProperties": [],
                                    "typeProperties": {
                                        "waitTimeInSeconds": 30
                                    }
                                }
                            ],
                            "timeout": "7.00:00:00"
                        }
                    },
                    {
                        "name": "StartProcessingAzureAS",
                        "type": "WebActivity",
                        "dependsOn": [],
                        "policy": {
                            "timeout": "7.00:00:00",
                            "retry": 0,
                            "retryIntervalInSeconds": 30,
                            "secureOutput": false
                        },
                        "userProperties": [],
                        "typeProperties": {
                            "url": {
                                "value": "@concat('https://',pipeline().parameters.Region,'.asazure.windows.net/servers/',pipeline().parameters.Server,'/models/',pipeline().parameters.DatabaseName,'/refreshes')",
                                "type": "Expression"
                            },
                            "method": "POST",
                            "headers": {},
                            "body": {
                                "Type": "Full",
                                "CommitMode": "transactional",
                                "MaxParallelism": 10,
                                "RetryCount": 2
                            },
                            "authentication": {
                                "type": "MSI",
                                "resource": "https://*.asazure.windows.net"
                            }
                        }
                    },
                    {
                        "name": "IfFailed",
                        "type": "IfCondition",
                        "dependsOn": [
                            {
                                "activity": "UntilRefreshComplete",
                                "dependencyConditions": [
                                    "Succeeded"
                                ]
                            }
                        ],
                        "userProperties": [],
                        "typeProperties": {
                            "expression": {
                                "value": "@equals(activity('GetAzureASRefreshStatus').output.status,'failed')",
                                "type": "Expression"
                            },
                            "ifTrueActivities": [
                                {
                                    "name": "ThrowErrorOnFailure",
                                    "type": "WebActivity",
                                    "dependsOn": [],
                                    "policy": {
                                        "timeout": "7.00:00:00",
                                        "retry": 0,
                                        "retryIntervalInSeconds": 30,
                                        "secureOutput": false
                                    },
                                    "userProperties": [],
                                    "typeProperties": {
                                        "url": {
                                            "value": "@string(activity('GetAzureASRefreshStatus').output)",
                                            "type": "Expression"
                                        },
                                        "method": "GET",
                                        "headers": {}
                                    }
                                }
                            ]
                        }
                    },
                    {
                        "name": "GetAzureASRefreshes",
                        "type": "WebActivity",
                        "dependsOn": [
                            {
                                "activity": "StartProcessingAzureAS",
                                "dependencyConditions": [
                                    "Succeeded"
                                ]
                            }
                        ],
                        "policy": {
                            "timeout": "7.00:00:00",
                            "retry": 0,
                            "retryIntervalInSeconds": 30,
                            "secureOutput": false
                        },
                        "userProperties": [],
                        "typeProperties": {
                            "url": {
                                "value": "@concat('https://',pipeline().parameters.Region,'.asazure.windows.net/servers/',pipeline().parameters.Server,'/models/',pipeline().parameters.DatabaseName,'/refreshes')",
                                "type": "Expression"
                            },
                            "method": "GET",
                            "headers": {},
                            "body": {
                                "Type": "Full",
                                "CommitMode": "transactional",
                                "MaxParallelism": 10,
                                "RetryCount": 2
                            },
                            "authentication": {
                                "type": "MSI",
                                "resource": "https://*.asazure.windows.net"
                            }
                        }
                    },
                    {
                        "name": "FilterToCurrentRefresh",
                        "type": "Filter",
                        "dependsOn": [
                            {
                                "activity": "GetAzureASRefreshes",
                                "dependencyConditions": [
                                    "Succeeded"
                                ]
                            }
                        ],
                        "userProperties": [],
                        "typeProperties": {
                            "items": {
                                "value": "@json(activity('GetAzureASRefreshes').output.Response)",
                                "type": "Expression"
                            },
                            "condition": {
                                "value": "@greaterOrEquals(item().startTime,addseconds(activity('StartProcessingAzureAS').output.startTime,-30))",
                                "type": "Expression"
                            }
                        }
                    }
                ],
                "parameters": {
                    "TenantID": {
                        "type": "String",
                        "defaultValue": "687f51c3-0c5d-4905-84f8-97c683a5b9d1"
                    },
                    "SubscriptionID": {
                        "type": "String",
                        "defaultValue": "373f6263-8734-45c8-a9c3-ab48e22952ea"
                    },
                    "Region": {
                        "type": "String",
                        "defaultValue": "westus2"
                    },
                    "Server": {
                        "type": "String",
                        "defaultValue": "asazure://westus2.asazure.windows.net/dadevwus2mdsanalyticsax"
                    },
                    "DatabaseName": {
                        "type": "String",
                        "defaultValue": "Retail"
                    }
                },
                "folder": {
                    "name": "Azure AS"
                },
                "annotations": [],
                "lastPublishTime": "2020-12-31T18:49:20Z"
            },
            "dependsOn": []
        },
        {
            "name": "[concat(parameters('factoryName'), '/ResumeAzureAS MSI')]",
            "type": "Microsoft.DataFactory/factories/pipelines",
            "apiVersion": "2018-06-01",
            "properties": {
                "activities": [
                    {
                        "name": "IfAzureASPaused",
                        "type": "IfCondition",
                        "dependsOn": [
                            {
                                "activity": "CheckIfAzureASSuspended",
                                "dependencyConditions": [
                                    "Succeeded"
                                ]
                            }
                        ],
                        "userProperties": [],
                        "typeProperties": {
                            "expression": {
                                "value": "@not(equals('Succeeded',string(activity('CheckIfAzureASSuspended').output.properties.state)))",
                                "type": "Expression"
                            },
                            "ifTrueActivities": [
                                {
                                    "name": "ResumeAzureAS",
                                    "type": "WebActivity",
                                    "dependsOn": [],
                                    "policy": {
                                        "timeout": "7.00:00:00",
                                        "retry": 0,
                                        "retryIntervalInSeconds": 30,
                                        "secureOutput": false
                                    },
                                    "userProperties": [],
                                    "typeProperties": {
                                        "url": {
                                            "value": "@concat('https://management.azure.com/subscriptions/',pipeline().parameters.SubscriptionID,'/resourceGroups/',pipeline().parameters.ResourceGroup,'/providers/Microsoft.AnalysisServices/servers/',pipeline().parameters.Server,'/resume?api-version=2016-05-16')",
                                            "type": "Expression"
                                        },
                                        "method": "POST",
                                        "headers": {},
                                        "body": {
                                            "value": "@null",
                                            "type": "Expression"
                                        },
                                        "authentication": {
                                            "type": "MSI",
                                            "resource": "https://management.azure.com"
                                        }
                                    }
                                }
                            ]
                        }
                    },
                    {
                        "name": "CheckIfAzureASSuspended",
                        "type": "WebActivity",
                        "dependsOn": [],
                        "policy": {
                            "timeout": "7.00:00:00",
                            "retry": 0,
                            "retryIntervalInSeconds": 30,
                            "secureOutput": false
                        },
                        "userProperties": [],
                        "typeProperties": {
                            "url": {
                                "value": "@concat('https://management.azure.com/subscriptions/',pipeline().parameters.SubscriptionID,'/resourceGroups/',pipeline().parameters.ResourceGroup,'/providers/Microsoft.AnalysisServices/servers/',pipeline().parameters.Server,'?api-version=2016-05-16')",
                                "type": "Expression"
                            },
                            "method": "GET",
                            "headers": {},
                            "authentication": {
                                "type": "MSI",
                                "resource": "https://management.azure.com"
                            }
                        }
                    },
                    {
                        "name": "UntilAzureASResumed",
                        "type": "Until",
                        "dependsOn": [
                            {
                                "activity": "IfAzureASPaused",
                                "dependencyConditions": [
                                    "Succeeded"
                                ]
                            }
                        ],
                        "userProperties": [],
                        "typeProperties": {
                            "expression": {
                                "value": "@equals('Succeeded',string(activity('CheckAzureASStatus').output.properties.state))",
                                "type": "Expression"
                            },
                            "activities": [
                                {
                                    "name": "CheckAzureASStatus",
                                    "type": "WebActivity",
                                    "dependsOn": [],
                                    "policy": {
                                        "timeout": "7.00:00:00",
                                        "retry": 0,
                                        "retryIntervalInSeconds": 30,
                                        "secureOutput": false
                                    },
                                    "userProperties": [],
                                    "typeProperties": {
                                        "url": {
                                            "value": "@concat('https://management.azure.com/subscriptions/',pipeline().parameters.SubscriptionID,'/resourceGroups/',pipeline().parameters.ResourceGroup,'/providers/Microsoft.AnalysisServices/servers/',pipeline().parameters.Server,'?api-version=2016-05-16')",
                                            "type": "Expression"
                                        },
                                        "method": "GET",
                                        "headers": {},
                                        "authentication": {
                                            "type": "MSI",
                                            "resource": "https://management.azure.com"
                                        }
                                    }
                                }
                            ],
                            "timeout": "7.00:00:00"
                        }
                    }
                ],
                "parameters": {
                    "TenantID": {
                        "type": "String",
                        "defaultValue": "b7e05600-0037-4b59-b466-239dfcf89541"
                    },
                    "SubscriptionID": {
                        "type": "String",
                        "defaultValue": "a9736b54-71f3-4a19-bd5b-d3979b8ce04f"
                    },
                    "ResourceGroup": {
                        "type": "String",
                        "defaultValue": "da-dev-wus2-analytics-rg"
                    },
                    "Server": {
                        "type": "String",
                        "defaultValue": "dadevwus2analyticsaxlennr"
                    }
                },
                "folder": {
                    "name": "Azure AS"
                },
                "annotations": [],
                "lastPublishTime": "2020-12-31T18:49:20Z"
            },
            "dependsOn": []
        },
        {
            "name": "[concat(parameters('factoryName'), '/AzureDatabricksFramework')]",
            "type": "Microsoft.DataFactory/factories/linkedServices",
            "apiVersion": "2018-06-01",
            "properties": {
                "annotations": [],
                "type": "AzureDatabricks",
                "typeProperties": {
                    "domain": "https://adb-8969623093352290.10.azuredatabricks.net",
                    "accessToken": {
                        "type": "AzureKeyVaultSecret",
                        "store": {
                            "referenceName": "AzureKeyVault",
                            "type": "LinkedServiceReference"
                        },
                        "secretName": "DatabricksFrameworkAdminToken",
                        "secretVersion": ""
                    },
                    "existingClusterId": "1230-211941-metes655"
                }
            },
            "dependsOn": [
                "[concat(variables('factoryId'), '/linkedServices/AzureKeyVault')]"
            ]
        },
        {
            "name": "[concat(parameters('factoryName'), '/AzureDatabricksData001')]",
            "type": "Microsoft.DataFactory/factories/linkedServices",
            "apiVersion": "2018-06-01",
            "properties": {
                "annotations": [],
                "type": "AzureDatabricks",
                "typeProperties": {
                    "domain": "https://adb-6096087961322221.1.azuredatabricks.net",
                    "accessToken": {
                        "type": "AzureKeyVaultSecret",
                        "store": {
                            "referenceName": "AzureKeyVault",
                            "type": "LinkedServiceReference"
                        },
                        "secretName": "DatabricksDataAdminToken",
                        "secretVersion": ""
                    },
                    "existingClusterId": "1230-213547-after889"
                }
            },
            "dependsOn": [
                "[concat(variables('factoryId'), '/linkedServices/AzureKeyVault')]"
            ]
        },
        {
            "name": "[concat(parameters('factoryName'), '/AzureSqlDatabase')]",
            "type": "Microsoft.DataFactory/factories/linkedServices",
            "apiVersion": "2018-06-01",
            "properties": {
                "annotations": [],
                "type": "AzureSqlDatabase",
                "typeProperties": {
                    "connectionString": "[parameters('AzureSqlDatabase_connectionString')]",
                    "password": {
                        "type": "AzureKeyVaultSecret",
                        "store": {
                            "referenceName": "AzureKeyVault",
                            "type": "LinkedServiceReference"
                        },
                        "secretName": "SqlframeworkPassword"
                    }
                }
            },
            "dependsOn": [
                "[concat(variables('factoryId'), '/linkedServices/AzureKeyVault')]"
            ]
        },
        {
            "name": "[concat(parameters('factoryName'), '/AzureSQLTSA')]",
            "type": "Microsoft.DataFactory/factories/linkedServices",
            "apiVersion": "2018-06-01",
            "properties": {
                "annotations": [],
                "type": "AzureSqlMI",
                "typeProperties": {
                    "connectionString": "[parameters('AzureSQLTSA_connectionString')]",
                    "password": {
                        "type": "AzureKeyVaultSecret",
                        "store": {
                            "referenceName": "AzureKeyVault",
                            "type": "LinkedServiceReference"
                        },
                        "secretName": "SQLDBTSAPassword"
                    }
                }
            },
            "dependsOn": [
                "[concat(variables('factoryId'), '/linkedServices/AzureKeyVault')]"
            ]
        },
        {
            "name": "[concat(parameters('factoryName'), '/VDILocal')]",
            "type": "Microsoft.DataFactory/factories/linkedServices",
            "apiVersion": "2018-06-01",
            "properties": {
                "annotations": [],
                "type": "FileServer",
                "typeProperties": {
                    "host": "[parameters('VDILocal_properties_typeProperties_host')]",
                    "userId": "[parameters('VDILocal_properties_typeProperties_userId')]",
                    "password": {
                        "type": "SecureString",
                        "value": "[parameters('VDILocal_password')]"
                    }
                },
                "connectVia": {
                    "referenceName": "SelfHostedIntegrationRuntimeVDI",
                    "type": "IntegrationRuntimeReference"
                }
            },
            "dependsOn": [
                "[concat(variables('factoryId'), '/integrationRuntimes/SelfHostedIntegrationRuntimeVDI')]"
            ]
        },
        {
            "name": "[concat(parameters('factoryName'), '/AzureSQLMAPS')]",
            "type": "Microsoft.DataFactory/factories/linkedServices",
            "apiVersion": "2018-06-01",
            "properties": {
                "annotations": [],
                "type": "AzureSqlDatabase",
                "typeProperties": {
                    "connectionString": "[parameters('AzureSQLMAPS_connectionString')]",
                    "password": {
                        "type": "AzureKeyVaultSecret",
                        "store": {
                            "referenceName": "AzureKeyVault",
                            "type": "LinkedServiceReference"
                        },
                        "secretName": "SQLFrameworkPassword"
                    }
                }
            },
            "dependsOn": [
                "[concat(variables('factoryId'), '/linkedServices/AzureKeyVault')]"
            ]
        },
        {
            "name": "[concat(parameters('factoryName'), '/AzureDataLakeStoreLanding_Binary')]",
            "type": "Microsoft.DataFactory/factories/datasets",
            "apiVersion": "2018-06-01",
            "properties": {
                "linkedServiceName": {
                    "referenceName": "AzureDataLakeStorageGen2",
                    "type": "LinkedServiceReference"
                },
                "folder": {
                    "name": "Framework"
                },
                "annotations": [],
                "type": "AzureBlobFSFile",
                "typeProperties": {
                    "fileName": "[parameters('AzureDataLakeStoreLanding_Binary_properties_typeProperties_fileName')]",
                    "folderPath": {
                        "value": "[parameters('AzureDataLakeStoreLanding_Binary_properties_typeProperties_folderPath')]",
                        "type": "Expression"
                    }
                }
            },
            "dependsOn": [
                "[concat(variables('factoryId'), '/linkedServices/AzureDataLakeStorageGen2')]"
            ]
        },
        {
            "name": "[concat(parameters('factoryName'), '/AzureDataLakeStoreFile_Txt')]",
            "type": "Microsoft.DataFactory/factories/datasets",
            "apiVersion": "2018-06-01",
            "properties": {
                "linkedServiceName": {
                    "referenceName": "AzureDataLakeStorageGen2",
                    "type": "LinkedServiceReference"
                },
                "parameters": {
                    "FilePath": {
                        "type": "string"
                    },
                    "FileName": {
                        "type": "string"
                    }
                },
                "folder": {
                    "name": "Framework"
                },
                "annotations": [],
                "type": "AzureBlobFSFile",
                "typeProperties": {
                    "format": {
                        "type": "TextFormat",
                        "columnDelimiter": "|",
                        "rowDelimiter": "",
                        "quoteChar": "\"",
                        "treatEmptyAsNull": true,
                        "skipLineCount": 0,
                        "firstRowAsHeader": true
                    },
                    "fileName": {
                        "value": "[parameters('AzureDataLakeStoreFile_Txt_properties_typeProperties_fileName')]",
                        "type": "Expression"
                    },
                    "folderPath": {
                        "value": "[parameters('AzureDataLakeStoreFile_Txt_properties_typeProperties_folderPath')]",
                        "type": "Expression"
                    }
                }
            },
            "dependsOn": [
                "[concat(variables('factoryId'), '/linkedServices/AzureDataLakeStorageGen2')]"
            ]
        },
        {
            "name": "[concat(parameters('factoryName'), '/AzureDataLakeStore_Archive')]",
            "type": "Microsoft.DataFactory/factories/datasets",
            "apiVersion": "2018-06-01",
            "properties": {
                "linkedServiceName": {
                    "referenceName": "AzureDataLakeStorageGen2",
                    "type": "LinkedServiceReference"
                },
                "folder": {
                    "name": "Framework"
                },
                "annotations": [],
                "type": "AzureBlobFSFile",
                "typeProperties": {
                    "folderPath": {
                        "value": "[parameters('AzureDataLakeStore_Archive_properties_typeProperties_folderPath')]",
                        "type": "Expression"
                    }
                }
            },
            "dependsOn": [
                "[concat(variables('factoryId'), '/linkedServices/AzureDataLakeStorageGen2')]"
            ]
        },
        {
            "name": "[concat(parameters('factoryName'), '/AzureDataLakeStoreFile')]",
            "type": "Microsoft.DataFactory/factories/datasets",
            "apiVersion": "2018-06-01",
            "properties": {
                "linkedServiceName": {
                    "referenceName": "AzureDataLakeStorageGen2",
                    "type": "LinkedServiceReference"
                },
                "folder": {
                    "name": "Framework"
                },
                "annotations": [],
                "type": "AzureBlobFSFile",
                "typeProperties": {
                    "format": {
                        "type": "JsonFormat",
                        "filePattern": "setOfObjects"
                    },
                    "fileName": {
                        "value": "[parameters('AzureDataLakeStoreFile_properties_typeProperties_fileName')]",
                        "type": "Expression"
                    },
                    "folderPath": {
                        "value": "[parameters('AzureDataLakeStoreFile_properties_typeProperties_folderPath')]",
                        "type": "Expression"
                    }
                }
            },
            "dependsOn": [
                "[concat(variables('factoryId'), '/linkedServices/AzureDataLakeStorageGen2')]"
            ]
        },
        {
            "name": "[concat(parameters('factoryName'), '/AzureDataLakeStoreFile_Json')]",
            "type": "Microsoft.DataFactory/factories/datasets",
            "apiVersion": "2018-06-01",
            "properties": {
                "linkedServiceName": {
                    "referenceName": "AzureDataLakeStorageGen2",
                    "type": "LinkedServiceReference"
                },
                "parameters": {
                    "FilePath": {
                        "type": "string"
                    },
                    "FileName": {
                        "type": "string"
                    }
                },
                "folder": {
                    "name": "Framework"
                },
                "annotations": [],
                "type": "Json",
                "typeProperties": {
                    "location": {
                        "type": "AzureBlobFSLocation",
                        "fileName": {
                            "value": "@dataset().FileName",
                            "type": "Expression"
                        },
                        "folderPath": {
                            "value": "@dataset().FilePath",
                            "type": "Expression"
                        }
                    }
                },
                "schema": {}
            },
            "dependsOn": [
                "[concat(variables('factoryId'), '/linkedServices/AzureDataLakeStorageGen2')]"
            ]
        },
        {
            "name": "[concat(parameters('factoryName'), '/SourceDataset_qeu')]",
            "type": "Microsoft.DataFactory/factories/datasets",
            "apiVersion": "2018-06-01",
            "properties": {
                "linkedServiceName": {
                    "referenceName": "AzureBlobStorage1",
                    "type": "LinkedServiceReference"
                },
                "annotations": [],
                "type": "DelimitedText",
                "typeProperties": {
                    "location": {
                        "type": "AzureBlobStorageLocation",
                        "fileName": "client_report_by_monthend_detail.csv",
                        "folderPath": "Landing",
                        "container": "rsm"
                    },
                    "columnDelimiter": ",",
                    "escapeChar": "\\",
                    "firstRowAsHeader": true,
                    "quoteChar": "\""
                },
                "schema": []
            },
            "dependsOn": [
                "[concat(variables('factoryId'), '/linkedServices/AzureBlobStorage1')]"
            ]
        }
    ]
}