{
    "$schema": "http://schema.management.azure.com/schemas/2015-01-01/deploymentTemplate.json#",
    "contentVersion": "1.0.0.0",
    "parameters": {
        "factoryName": {
            "type": "string",
            "metadata": "Data Factory name",
            "defaultValue": "rsmedpovdfhggd"
        },
        "AzureSqlDatabase_connectionString": {
            "type": "secureString",
            "metadata": "Secure string for 'connectionString' of 'AzureSqlDatabase'"
        },
        "AzureSQLTSA_connectionString": {
            "type": "secureString",
            "metadata": "Secure string for 'connectionString' of 'AzureSQLTSA'"
        },
        "AzureBlobStorage1_connectionString": {
            "type": "secureString",
            "metadata": "Secure string for 'connectionString' of 'AzureBlobStorage1'"
        },
        "AzureSynapseAnalytics1_connectionString": {
            "type": "secureString",
            "metadata": "Secure string for 'connectionString' of 'AzureSynapseAnalytics1'"
        },
        "VDILocal_password": {
            "type": "secureString",
            "metadata": "Secure string for 'password' of 'VDILocal'"
        },
        "AzureSQLMAPS_connectionString": {
            "type": "secureString",
            "metadata": "Secure string for 'connectionString' of 'AzureSQLMAPS'"
        },
        "AzureKeyVault_properties_typeProperties_baseUrl": {
            "type": "string",
            "defaultValue": "https://rsmedpovkvhggd.vault.azure.net/"
        },
        "AzureDataLakeStorageGen2_properties_typeProperties_url": {
            "type": "string",
            "defaultValue": "https://rsmedpovdlhggd.dfs.core.windows.net"
        },
        "VDILocal_properties_typeProperties_host": {
            "type": "string",
            "defaultValue": "c:\\"
        },
        "VDILocal_properties_typeProperties_userId": {
            "type": "string",
            "defaultValue": "E080151@mcgladrey.rsm.net"
        },
        "AzureDataLakeStoreLanding_Binary_properties_typeProperties_fileName": {
            "type": "string",
            "defaultValue": ""
        },
        "AzureDataLakeStoreLanding_Binary_properties_typeProperties_folderPath": {
            "type": "string",
            "defaultValue": "@concat(pipeline().parameters.ContainerName,activity('uspGetCopyActivitySinkFileToADLS').output.firstRow.CopyActivityDataADLSFolderPath)"
        },
        "AzureDataLakeStoreFile_Txt_properties_typeProperties_fileName": {
            "type": "string",
            "defaultValue": "@dataset().FileName"
        },
        "AzureDataLakeStoreFile_Txt_properties_typeProperties_folderPath": {
            "type": "string",
            "defaultValue": "@dataset().FilePath"
        },
        "AzureDataLakeStore_Archive_properties_typeProperties_folderPath": {
            "type": "string",
            "defaultValue": "@concat(pipeline().parameters.ContainerName,'/Raw/Archive')"
        },
        "AzureDataLakeStoreFile_properties_typeProperties_fileName": {
            "type": "string",
            "defaultValue": "@activity('uspGetCopyActivitySinkSQLToADLS').output.firstRow.CopyActivityDataADLSFileName"
        },
        "AzureDataLakeStoreFile_properties_typeProperties_folderPath": {
            "type": "string",
            "defaultValue": "@activity('uspGetCopyActivitySinkSQLToADLS').output.firstRow.CopyActivityDataADLSFolderPath"
        },
        "containerUri": {
            "type": "string",
            "metadata": "URI to storage account containing linked ARM templates"
        },
        "containerSasToken": {
            "type": "string",
            "metadata": "Sas token to storage account containing linked ARM templates"
        }
    },
    "variables": {
        "factoryId": "[concat('Microsoft.DataFactory/factories/', parameters('factoryName'))]"
    },
    "resources": [
        {
            "name": "rsmedpovdfhggd_ArmTemplate_0",
            "type": "Microsoft.Resources/deployments",
            "apiVersion": "2018-02-01",
            "properties": {
                "mode": "incremental",
                "templateLink": {
                    "uri": "[concat(parameters('containerUri'), '/ArmTemplate_0.json', parameters('containerSasToken'))]",
                    "contentVersion": "1.0.0.0"
                },
                "parameters": {
                    "factoryName": {
                        "value": "[parameters('factoryName')]"
                    },
                    "AzureBlobStorage1_connectionString": {
                        "value": "[parameters('AzureBlobStorage1_connectionString')]"
                    },
                    "AzureSynapseAnalytics1_connectionString": {
                        "value": "[parameters('AzureSynapseAnalytics1_connectionString')]"
                    },
                    "AzureSqlDatabase_connectionString": {
                        "value": "[parameters('AzureSqlDatabase_connectionString')]"
                    },
                    "AzureSQLTSA_connectionString": {
                        "value": "[parameters('AzureSQLTSA_connectionString')]"
                    },
                    "VDILocal_password": {
                        "value": "[parameters('VDILocal_password')]"
                    },
                    "AzureSQLMAPS_connectionString": {
                        "value": "[parameters('AzureSQLMAPS_connectionString')]"
                    },
                    "AzureKeyVault_properties_typeProperties_baseUrl": {
                        "value": "[parameters('AzureKeyVault_properties_typeProperties_baseUrl')]"
                    },
                    "AzureDataLakeStorageGen2_properties_typeProperties_url": {
                        "value": "[parameters('AzureDataLakeStorageGen2_properties_typeProperties_url')]"
                    },
                    "VDILocal_properties_typeProperties_host": {
                        "value": "[parameters('VDILocal_properties_typeProperties_host')]"
                    },
                    "VDILocal_properties_typeProperties_userId": {
                        "value": "[parameters('VDILocal_properties_typeProperties_userId')]"
                    },
                    "AzureDataLakeStoreLanding_Binary_properties_typeProperties_fileName": {
                        "value": "[parameters('AzureDataLakeStoreLanding_Binary_properties_typeProperties_fileName')]"
                    },
                    "AzureDataLakeStoreLanding_Binary_properties_typeProperties_folderPath": {
                        "value": "[parameters('AzureDataLakeStoreLanding_Binary_properties_typeProperties_folderPath')]"
                    },
                    "AzureDataLakeStoreFile_Txt_properties_typeProperties_fileName": {
                        "value": "[parameters('AzureDataLakeStoreFile_Txt_properties_typeProperties_fileName')]"
                    },
                    "AzureDataLakeStoreFile_Txt_properties_typeProperties_folderPath": {
                        "value": "[parameters('AzureDataLakeStoreFile_Txt_properties_typeProperties_folderPath')]"
                    },
                    "AzureDataLakeStore_Archive_properties_typeProperties_folderPath": {
                        "value": "[parameters('AzureDataLakeStore_Archive_properties_typeProperties_folderPath')]"
                    },
                    "AzureDataLakeStoreFile_properties_typeProperties_fileName": {
                        "value": "[parameters('AzureDataLakeStoreFile_properties_typeProperties_fileName')]"
                    },
                    "AzureDataLakeStoreFile_properties_typeProperties_folderPath": {
                        "value": "[parameters('AzureDataLakeStoreFile_properties_typeProperties_folderPath')]"
                    }
                }
            },
            "dependsOn": []
        },
        {
            "name": "rsmedpovdfhggd_ArmTemplate_1",
            "type": "Microsoft.Resources/deployments",
            "apiVersion": "2018-02-01",
            "properties": {
                "mode": "incremental",
                "templateLink": {
                    "uri": "[concat(parameters('containerUri'), '/ArmTemplate_1.json', parameters('containerSasToken'))]",
                    "contentVersion": "1.0.0.0"
                },
                "parameters": {
                    "factoryName": {
                        "value": "[parameters('factoryName')]"
                    }
                }
            },
            "dependsOn": [
                "[resourceId('Microsoft.Resources/deployments', 'rsmedpovdfhggd_ArmTemplate_0')]"
            ]
        },
        {
            "name": "rsmedpovdfhggd_ArmTemplate_2",
            "type": "Microsoft.Resources/deployments",
            "apiVersion": "2018-02-01",
            "properties": {
                "mode": "incremental",
                "templateLink": {
                    "uri": "[concat(parameters('containerUri'), '/ArmTemplate_2.json', parameters('containerSasToken'))]",
                    "contentVersion": "1.0.0.0"
                },
                "parameters": {
                    "factoryName": {
                        "value": "[parameters('factoryName')]"
                    }
                }
            },
            "dependsOn": [
                "[resourceId('Microsoft.Resources/deployments', 'rsmedpovdfhggd_ArmTemplate_1')]"
            ]
        }
    ]
}